"","title","sales","console_PS4","console_XBox1","console_Switch","genre_Fighting","genre_Misc","genre_Platform","genre_Racing","genre_RPG","genre_Shooter","genre_Sports","genre_Action_Adventure","player_vector","esrb_vector","metascore","user_score_x10","igdb_member_rating","igdb_critic_rating","ign_x10","mgAverage"
"1",".hack//G.U. Last Recode",86008,1,0,0,0,0,0,0,1,0,0,0,2,3,75.5,75.5,80,74,75.5,72.5
"2","1-2-Switch",1927365,0,0,1,0,1,0,0,0,0,0,0,0,1,58,48,40,54,68,47.3333333333333
"3","7 Days to Die",55749,1,0,0,0,0,0,0,0,0,0,1,1,3,45,59,71,36,49,50
"4","A Way Out",186767,1,0,0,0,0,0,0,0,0,0,1,1,3,78,80,80,75,83,82.1
"5","ABZU",24841,1,0,0,0,0,0,0,0,0,0,1,0,0,78,76,78,81,84,81.6
"6","Accel World vs. Sword Art Online: Millennium Twilight",30941,1,0,0,0,0,0,0,0,0,0,1,2,2,64,59,63.25,50,63.25,80
"7","Agents of Mayhem",42475,1,0,0,0,0,0,0,0,0,0,1,0,3,62,66,72,73,71,65.4
"8","Akiba's Beat",27914,1,0,0,0,0,0,0,0,0,0,1,2,3,55,69,57.6666666666667,46,57.6666666666667,60.6666666666667
"9","Alien: Isolation",229779,1,0,0,0,0,0,0,0,1,0,0,0,3,79,82,86,86,59,85.5
"10","ARK: Survival Evolved",270351,1,0,0,0,0,0,0,0,0,0,1,2,2,69,43,69,69,77,65.6
"11","Arms",1506781,0,0,1,1,0,0,0,0,0,0,0,1,1,77,71,70,78,80,75.6
"12","Assassin's Creed IV: Black Flag",2036869,0,1,0,0,0,0,0,0,0,0,1,2,3,80.7333333333333,75,82,85,85,76.6666666666667
"13","Assassin's Creed Odyssey",3176082,1,0,0,0,0,0,0,0,0,0,1,0,3,83,60,87,88,92,84.9
"14","Assassin's Creed Origins",3827137,1,0,0,0,0,0,0,0,0,0,1,0,3,81,72,85,86,90,86.8
"15","Assassin's Creed Rogue Remastered",48234,1,0,0,0,0,0,0,0,0,0,1,0,3,71,61,67.6,68,68,70
"16","Assassin's Creed Syndicate",3010701,1,0,0,0,0,0,0,0,0,0,1,0,3,76,69,77,72,82,77.3
"17","Assassin's Creed The Ezio Collection",112696,1,0,0,0,0,0,0,0,0,0,1,2,3,72,77,89,70,60,69.1428571428571
"18","Assassin's Creed: Unity",3223599,0,1,0,0,0,0,0,0,0,0,1,1,3,72,43,70,71,78,71.4444444444444
"19","Assetto Corsa",28393,1,0,0,0,0,0,1,0,0,0,0,2,0,73,60,88,64,60,73.2
"20","Astro Bot Rescue Mission",356466,1,0,0,0,0,1,0,0,0,0,0,0,1,90,89,95,89,90,90.7
"21","Attack on Titan 2",74488,1,0,0,0,0,0,0,0,0,0,1,2,3,75,72,80,75,70,72.4
"22","Batman: Arkham Knight",2720737,1,0,0,0,0,0,0,0,0,0,1,0,3,87,78,86,92,92,78.7777777777778
"23","Batman: Arkham VR",151092,1,0,0,0,0,0,0,0,0,0,1,2,3,74,72,80,73,72,76.6666666666667
"24","Batman: Return to Arkham",107899,1,0,0,0,0,0,0,0,0,0,1,2,3,73,80,84,77,70,68.3333333333333
"25","Battleborn",145043,1,0,0,0,0,0,0,0,1,0,0,2,2,68,68,63,73,71,76
"26","Battlefield 1",6810415,1,0,0,0,0,0,0,0,1,0,0,2,3,89,79,78,89,90,89.1
"27","Battlefield 4",3780327,1,0,0,0,0,0,0,0,1,0,0,2,3,85,70,76,80,80,79.1
"28","Battlefield V",2224270,1,0,0,0,0,0,0,0,1,0,0,2,3,73,22,75,77,73,81.4
"29","Battlefield: Hardline",1678852,1,0,0,0,0,0,0,0,1,0,0,2,3,73,51,67,73,80,74.4
"30","Bayonetta 2",305517,0,0,1,0,0,0,0,0,0,0,1,0,3,92,85,90,91,95,88.7
"31","Berserk and the Band of the Hawk",101148,1,0,0,0,0,0,0,0,0,0,1,2,3,66,64,43,67,63,64.8571428571429
"32","BioShock The Collection",261013,1,0,0,0,0,0,0,0,1,0,0,0,3,84,84,87,85,82,84.8
"33","Blade Strangers",18210,0,0,1,1,0,0,0,0,0,0,0,2,2,75,75,60,72,70.4666666666667,70.3333333333333
"34","BlazBlue Central Fiction",22281,1,0,0,1,0,0,0,0,0,0,0,2,2,84,76,60,86,78.28,85.4
"35","BlazBlue: Cross Tag Battle",34915,1,0,0,1,0,0,0,0,0,0,0,2,2,76,66,89,77,83,78.3
"36","Bloodborne",1378415,1,0,0,0,0,0,0,0,0,0,1,1,3,92,89,91,91,91,94.6666666666667
"37","Borderlands: The Handsome Collection",258463,1,0,0,0,0,0,0,0,1,0,0,1,3,82,78,84,84,84,75.5
"38","Bound By Flame",56505,1,0,0,0,0,0,0,0,0,0,1,0,3,53,58,64,57,70,66.8
"39","Bravo Team VR",76692,1,0,0,0,0,0,0,0,1,0,0,2,3,34.3,34.3,34.3,35,34.3,33.6
"40","Burnout Paradise Remastered",116383,1,0,0,0,0,0,1,0,0,0,0,2,1,82,67,66,84,88,76.3
"41","Caligula Overdose",19321,1,0,0,0,0,0,0,1,0,0,0,0,3,64,61,61.8333333333333,61.8333333333333,61.8333333333333,60.5
"42","Call of Cthulhu",41010,1,0,0,0,0,0,0,1,0,0,0,0,3,63,72,67,65,67.88,72.4
"43","Call of Duty: Advanced Warfare",7064479,1,0,0,0,0,0,0,0,1,0,0,2,3,83,57,73,80,91,82
"44","Call of Duty: Black Ops 3",14041112,1,0,0,0,0,0,0,0,1,0,0,2,3,81,48,67,77,92,73.8888888888889
"45","Call of Duty: Black Ops 4",9317241,1,0,0,0,0,0,0,0,1,0,0,2,3,83,40,73,84,85,80.6
"46","Call of Duty: Ghosts",2649629,1,0,0,0,0,0,0,0,1,0,0,2,3,78,38,67,74,88,73.5
"47","Call of Duty: Infinite Warfare",7604749,1,0,0,0,0,0,0,0,1,0,0,2,3,77,38,74,77,77,73.9
"48","Call of Duty: Modern Warfare Remastered",75798,1,0,0,0,0,0,0,0,1,0,0,2,3,83,70,79,87,85,85.3333333333333
"49","Call of Duty: WWII",13066446,1,0,0,0,0,0,0,0,1,0,0,2,3,79,43,77,75,80,78
"50","Captain Toad: Treasure Tracker",502079,0,0,1,0,1,0,0,0,0,0,0,1,0,82,80,84,82,82,84.7
"51","Cave Story+",29224,0,0,1,0,0,0,0,1,0,0,0,2,3,85.5,85.5,89,81,85.5,86.5
"52","Child of Light",22112,1,0,0,0,0,0,0,1,0,0,0,2,3,82,80,82,88,93,81.5
"53","Cities: Skylines",17600,1,0,0,0,1,0,0,0,0,0,0,2,3,80.65625,80.65625,81,76,85,80.625
"54","Conan Exiles",145826,1,0,0,0,0,0,0,0,0,0,1,2,3,68,53,68,71,67,73.8
"55","Crash Bandicoot N Sane Trilogy",176221,0,1,0,0,0,1,0,0,0,0,0,0,1,79,69,84,78,85,81.2
"56","Crash Bandicoot N. Sane Trilogy",4234964,0,0,1,0,0,1,0,0,0,0,0,0,1,78,83,84,78,85,81.2
"57","Dark Souls II: Scholar of the First Sin",82365,1,0,0,0,0,0,0,0,0,0,1,1,2,87,80,85,87,90,86.7
"58","Dark Souls III",1905158,1,0,0,0,0,0,0,1,0,0,0,1,3,89,88,88,86,95,88.3
"59","Dark Souls: Remastered",317837,0,0,1,0,0,0,0,1,0,0,0,1,3,83,79,86,87,95,85.7
"60","Darksiders III",128698,1,0,0,0,0,0,0,0,0,0,1,0,3,64,73,72,67,70,73.8
"61","Dead by Daylight",21964,1,0,0,0,0,0,0,0,1,0,0,1,3,64,63,71,61,65.9666666666667,70.8333333333333
"62","Dead Cells",19322,0,0,1,0,0,0,0,0,0,0,1,0,2,89,85,84,90,95,87.2222222222222
"63","Dead Island Definitive Collection",56814,1,0,0,0,0,0,0,0,0,0,1,1,3,63,63,64.25,61,70,64.25
"64","Dead or Alive 5: Last Round",65272,1,0,0,1,0,0,0,0,0,0,0,2,3,74,73,92,72,70,67.3
"65","Dead or Alive Xtreme 3: Fortune",40632,1,0,0,0,0,0,0,0,0,1,0,2,3,43,74,61.075,60,61.075,67.3
"66","Dead Rising 3",267147,0,1,0,0,0,0,0,0,0,0,1,1,3,78,69,66,76,83,77.7777777777778
"67","Dead Rising 4",251999,0,1,0,0,0,0,0,0,0,0,1,1,3,72,47,79,77,81,75.3
"68","Deadpool",180746,1,0,0,0,0,0,0,0,0,0,1,2,3,60,61,70,70,60,65.1
"69","Destiny",5178549,1,0,0,0,0,0,0,0,1,0,0,2,2,76,61,71,78,78,51.1
"70","Destiny 2",3882977,1,0,0,0,0,0,0,0,1,0,0,2,2,85,49,76,82,85,78.8
"71","Destiny 2: Forsaken",110022,1,0,0,0,0,0,0,0,1,0,0,2,3,82,63,81,83,85,78.8
"72","Destiny: The Collection",59886,1,0,0,0,0,0,0,0,1,0,0,2,2,80.56,71,80,95,78,78.8
"73","Destiny: The Taken King",1525459,1,0,0,0,0,0,0,0,1,0,0,2,3,86,62,80,84,90,78.8
"74","Detroit: Become Human",1100606,1,0,0,0,0,0,0,0,0,0,1,0,3,78,87,82,78,80,86.4
"75","Deus Ex: Mankind Divided",305722,1,0,0,0,0,0,0,1,0,0,0,0,3,84,76,77,83,92,84.2
"76","Devil May Cry 4",34297,1,0,0,0,0,0,0,0,0,0,1,2,3,82.725,82.725,80,81,88,81.9
"77","Devil May Cry HD Collection",43957,1,0,0,0,0,0,0,0,0,0,1,0,3,60,73,90,82,76.5,77.5
"78","Diablo III: Eternal Collection",251545,0,0,1,0,0,0,0,0,0,0,1,1,3,88,80,89,86,90,91.6666666666667
"79","Diablo III: Ultimate Evil Edition",417880,1,0,0,0,0,0,0,1,0,0,0,1,3,90,79,79,83,92,90.5
"80","Digimon Story: Cyber Sleuth",43904,1,0,0,0,0,0,0,1,0,0,0,1,2,75,80,79,79,77.6,75
"81","Digimon Story: Cyber Sleuth - Hacker's Memory",80478,1,0,0,0,0,0,0,1,0,0,0,2,3,77,77,79,79,77,73
"82","Digimon World: Next Order",100267,1,0,0,0,0,0,0,1,0,0,0,0,1,68,65,59,71,63.6,55
"83","DiRT 4",109769,1,0,0,0,0,0,0,1,0,0,0,2,2,85,75,71,83,92,84.8
"84","DiRT Rally",217745,1,0,0,0,0,0,1,0,0,0,0,2,0,85,79,84,85,89,86.3333333333333
"85","Disgaea 5 Complete",69717,0,0,1,0,0,0,0,1,0,0,0,0,2,81,84,85,90,87,80.5
"86","Dishonored",31041,1,0,0,0,0,0,0,0,0,0,1,2,3,89.375,89.375,85,90,92,90.5
"87","Dishonored 2",1597589,1,0,0,0,0,0,0,0,0,0,1,0,3,88,79,86,86,93,82.6
"88","Dishonored: Death of the Outsider",74931,1,0,0,0,0,0,0,0,0,0,1,0,3,82,70,87,82,84,79.7
"89","Disney Infinity 2.0: Marvel Super Heroes",65119,1,0,0,0,0,0,0,0,0,0,1,2,3,74,74,80,74,68,74
"90","Disney Infinity 3.0",106342,1,0,0,0,0,0,0,0,0,0,1,2,3,79.75,79.75,79,81,89,70
"91","Dissidia Final Fantasy NT",324283,1,0,0,1,0,0,0,0,0,0,0,1,2,67,74,60,63,69,66.375
"92","DmC: Definitive Edition",51794,1,0,0,0,0,0,0,0,0,0,1,2,3,85.1785714285714,85.1785714285714,80,85,89,86.7142857142857
"93","Don't Starve",25534,1,0,0,0,0,0,0,0,0,0,1,2,3,78,71,77,79,70,82.8
"94","Donkey Kong Country: Tropical Freeze",1219139,0,0,1,0,0,1,0,0,0,0,0,0,0,86,87,82,86,90,86.8888888888889
"95","Doom",871705,1,0,0,0,0,0,0,0,1,0,0,2,3,85,83,85,80,70,74.7
"96","Doom (2016)",2124494,0,0,1,0,0,0,0,0,1,0,0,2,3,85,83,85,80,70,74.7
"97","Dragon's Dogma",39375,1,0,0,0,0,0,0,1,0,0,0,2,3,74.325,74.325,71,77,75,74.3
"98","Dragon Age: Inquisition",1323745,1,0,0,0,0,0,0,1,0,0,0,1,3,89,74,85,88,88,85.4
"99","Dragon Ball Fighter Z",1082851,1,0,0,1,0,0,0,0,0,0,0,1,2,85,83,86,87,85,85.1
"100","Dragon Ball FighterZ",132696,0,0,1,1,0,0,0,0,0,0,0,1,2,88,73,86,87,85,85.1
"101","Dragon Ball: Xenoverse",406933,1,0,0,1,0,0,0,0,0,0,0,1,2,69,77,67,74,67,67.5555555555556
"102","Dragon Ball: Xenoverse 2",545136,0,0,1,0,0,0,0,0,0,0,1,1,2,75,79,67,74,75,77.3
"103","Dragon Quest Builders 2",117247,1,0,0,0,0,0,0,0,0,0,1,1,1,86,77,92,85,88,90.2
"104","Dragon Quest Builders: Revive Alefgard",311566,0,0,1,0,0,0,0,1,0,0,0,2,3,85.05,85.05,80,82,88,90.2
"105","Dragon Quest Heroes",446634,1,0,0,0,0,0,0,0,0,0,1,2,3,77,76,76,78,62,74
"106","Dragon Quest Heroes II: Twin Kings and the Prophecy's End",324566,1,0,0,0,0,0,0,0,0,0,1,2,3,69.25,69.25,50,82,75,70
"107","Dragon Quest XI",1742241,1,0,0,0,0,0,0,1,0,0,0,0,2,86,87,85,84,88,88
"108","Driveclub",1438682,1,0,0,0,0,0,1,0,0,0,0,2,0,71,63,74,77,79,63.8888888888889
"109","Dying Light",1787635,0,1,0,0,0,0,0,0,0,0,1,1,3,74,78,81,72,85,75.6
"110","Dynasty Warriors 9",221284,1,0,0,0,0,0,0,0,0,0,1,0,2,65,41,50,65,58,44.4
"111","EA Sports UFC",458394,1,0,0,0,0,0,0,0,0,1,0,1,2,70,61,71,69,68,79
"112","EA Sports UFC 2",775063,1,0,0,0,0,0,0,0,0,1,0,1,2,79,57,72,74,64,82.6666666666667
"113","EA Sports UFC 3",527879,1,0,0,0,0,0,0,0,0,1,0,2,2,61,42,40,80,75,75.375
"114","Earth Defense Force 5",108546,1,0,0,0,0,0,0,0,1,0,0,1,3,72,76,81,67,83,73.8
"115","Elex",42623,1,0,0,0,0,0,0,1,0,0,0,0,3,58,64,72,60,49,60.4
"116","Elite: Dangerous",26214,1,0,0,0,1,0,0,0,0,0,0,2,2,77,71,81,82,74,81.5
"117","EVE: Valkyrie",34177,1,0,0,0,0,0,0,0,1,0,0,2,2,71,69,60,77,79,71.7142857142857
"118","Everybody's Golf",207584,1,0,0,0,0,0,0,0,0,1,0,2,0,78,77,78.25,79,78.25,79
"119","Evolve",510119,1,0,0,0,0,0,0,0,1,0,0,1,3,76,43,63,77,90,81.7
"120","Extinction",17094,1,0,0,0,0,0,0,0,0,0,1,0,3,47,15,50,52,66,60
"121","F1 2015",333895,1,0,0,0,0,0,1,0,0,0,0,2,0,65,64,75,62,48,69
"122","F1 2016 (Codemasters)",248467,1,0,0,0,0,0,1,0,0,0,0,2,0,82,79,78,83,88,84.2857142857143
"123","F1 2017",270679,1,0,0,0,0,0,1,0,0,0,0,2,0,86,76,85,83,89,85.5
"124","F1 2018",267648,1,0,0,0,0,0,1,0,0,0,0,2,0,84,77,80,79,85,85.6
"125","Fallout 4",8300211,1,0,0,0,0,0,0,1,0,0,0,0,3,87,66,81,85,95,82.8
"126","Fallout 76",981080,1,0,0,0,0,0,0,1,0,0,0,2,3,53,28,49,51,50,51.4
"127","Far Cry 4",3342383,1,0,0,0,0,0,0,0,1,0,0,2,3,85,77,76,86,85,80
"128","Far Cry 5",3601442,1,0,0,0,0,0,0,0,0,0,1,2,3,81,68,77,84,89,83.3
"129","Far Cry: Primal",2050386,1,0,0,0,0,0,0,0,0,0,1,0,3,76,65,73,76,79,73.9
"130","Farming Simulator 17",243449,1,0,0,0,1,0,0,0,0,0,0,1,0,69,64,90,64,68.2666666666667,54.3333333333333
"131","Farming Simulator 19",165389,1,0,0,0,1,0,0,0,0,0,0,1,0,64,48,80,68,65.92,69.6
"132","Farming Simulator 2015",105506,1,0,0,0,1,0,0,0,0,0,0,2,3,60.8148148148148,60.8148148148148,71,50,60.8148148148148,61.4444444444444
"133","Farpoint",134677,1,0,0,0,1,0,0,0,0,0,0,1,3,71,81,70,69,75,72.1428571428571
"134","FIFA 15",5960848,1,0,0,0,0,0,0,0,0,1,0,2,0,82,56,74,81,83,83.6666666666667
"135","FIFA 16",7989386,1,0,0,0,0,0,0,0,0,1,0,2,0,82,44,73,83,78,83.5
"136","FIFA 17",10731517,1,0,0,0,0,0,0,0,0,1,0,2,0,85,49,77,87,84,83.4285714285714
"137","FIFA 18",11612958,1,0,0,0,0,0,0,0,0,1,0,2,0,84,34,73,80,81,80.875
"138","FIFA 19",9147505,1,0,0,0,0,0,0,0,0,1,0,2,0,83,17,76,76,82,60
"139","FIFA Soccer 14",2514994,1,0,0,0,0,0,0,0,0,1,0,2,0,87,63,75,82,90,85.3
"140","Final Fantasy Type-0 HD",493793,1,0,0,0,0,0,0,1,0,0,0,0,3,72,75,75,75,80,78
"141","Final Fantasy X-X2 HD",173679,1,0,0,0,0,0,0,1,0,0,0,2,3,87.7,87.7,87,86,93,84.8
"142","Final Fantasy XII: The Zodiac Age",600146,1,0,0,0,0,0,0,1,0,0,0,0,2,86,84,82,88,75,84.7777777777778
"143","Final Fantasy XIV: A Realm Reborn",141154,1,0,0,0,0,0,0,1,0,0,0,2,3,84,84,83,85,86,82
"144","Final Fantasy XIV: Heavensward",48299,1,0,0,0,0,0,0,0,0,0,1,2,3,86,83,89,87,86,82
"145","Final Fantasy XIV: Stormblood",57083,1,0,0,0,0,0,0,0,0,0,1,2,3,89,86,90,86,92,88.25
"146","Final Fantasy XV",4835103,1,0,0,0,0,0,0,1,0,0,0,1,2,81,76,79,81,82,72.4444444444444
"147","Fire Emblem Warriors",187759,0,0,1,0,0,0,0,0,0,0,1,0,2,74,79,76,78,80,78.25
"148","Fire Pro Wrestling World",43564,1,0,0,1,0,0,0,0,0,0,0,2,2,79,73,80,78,80,90
"149","Firewall: Zero Hour",67936,1,0,0,0,0,0,0,0,1,0,0,2,2,79,83,80.625,79,80.625,81.5
"150","For Honor",1149138,1,0,0,0,0,0,0,0,0,0,1,2,3,78,61,71,77,80,78.5
"151","Fortnite",769347,0,1,0,0,0,0,0,0,0,0,1,2,2,85,35,67,83,96,83.8
"152","Forza Horizon 2",328991,0,1,0,0,0,0,0,0,0,0,1,2,3,86,83,81,86,90,87.6
"153","Forza Horizon 3",3785232,0,1,0,0,0,0,1,0,0,0,0,2,0,91,80,82,89,95,86.9
"154","Forza Horizon 4",1839995,0,1,0,0,0,0,1,0,0,0,0,2,0,92,78,84,91,96,90.8
"155","Forza Motorsport 5",1531915,0,1,0,0,0,0,1,0,0,0,0,2,0,79,60,76,78,88,81.3333333333333
"156","Forza Motorsport 6",1238487,0,1,0,0,0,0,1,0,0,0,0,2,0,87,77,78,84,90,86.125
"157","Forza Motorsport 7",1065649,0,1,0,0,0,0,1,0,0,0,0,2,0,86,59,76,86,92,85.1
"158","Friday the 13th: The Game",31632,1,0,0,0,0,0,0,0,0,0,1,2,3,61,61,64,61,69,62.4444444444444
"159","Gears of War",2565211,0,1,0,0,0,0,0,0,1,0,0,2,3,82,76,82,78,85,79.4444444444444
"160","Gears of War 4",2936391,0,1,0,0,0,0,0,0,1,0,0,2,3,84,69,78,83,92,78.1
"161","Gears of War: Ultimate Edition",3157577,0,1,0,0,0,0,0,0,1,0,0,2,3,82,76,82,78,85,79.4444444444444
"162","Go Vacation",49456,0,0,1,0,1,0,0,0,0,0,0,0,0,62,76,86,55,69.06,66.3
"163","God Eater 2: Rage Burst",35824,1,0,0,0,0,0,0,0,0,0,1,1,2,69,74,71.3333333333333,71.3333333333333,71.3333333333333,71
"164","God Eater 3",146772,1,0,0,0,0,0,0,1,0,0,0,2,2,71,77,80,73,76,79.2
"165","God Eater Resurrection",42048,1,0,0,0,0,0,0,0,0,0,1,1,2,70,70,70,72,72.4,80
"166","God of War (PS4)",6153527,1,0,0,0,0,0,0,0,0,0,1,0,3,94,91,85,93,98,92.5
"167","God of War III Remastered",154172,1,0,0,0,0,0,0,0,0,0,1,2,3,97,78,88,79,93,87.4
"168","Godzilla (2015)",42540,1,0,0,0,0,0,0,0,0,0,1,2,3,41.4444444444444,41.4444444444444,41.4444444444444,41,45,38.3333333333333
"169","Golf Club 2",23406,1,0,0,0,0,0,0,0,0,1,0,2,3,38.3333333333333,38.3333333333333,38.3333333333333,38.3333333333333,38.3333333333333,38.3333333333333
"170","Gran Turismo Sport",3339954,1,0,0,0,0,0,1,0,0,0,0,2,0,75,61,75,77,75,76.8
"171","Grand Theft Auto V",19392497,1,0,0,0,0,0,0,0,0,0,1,2,3,97,83,91,96,100,92.3
"172","Gravity Rush 2",179667,1,0,0,0,0,0,0,0,0,0,1,0,2,80,81,65,81,84,78
"173","Guilty Gear Xrd -Revelator-",20756,1,0,0,1,0,0,0,0,0,0,0,2,2,86,80,98,86,86.7,83.5
"174","Guilty Gear Xrd REV 2",21402,1,0,0,1,0,0,0,0,0,0,0,2,2,86,79,80,92,83.74,81.7
"175","Guitar Hero Live",153427,1,0,0,0,1,0,0,0,0,0,0,2,3,80,62,73,81,79,81.6
"176","Gundam Versus",140218,1,0,0,0,0,0,0,0,0,0,1,1,2,68,65,66.25,67,66.25,65
"177","Halo 5: Guardians",4134639,0,1,0,0,0,0,0,0,1,0,0,2,2,84,64,76,84,90,80.4
"178","Halo Wars 2",185985,0,1,0,0,1,0,0,0,0,0,0,2,3,79,60,76,77,70,75.25
"179","Halo: The Master Chief Collection",2690012,0,1,0,0,0,0,0,0,1,0,0,2,3,85,75,86,86,90,79.8
"180","Harvest Moon: Light of Hope",75769,0,0,1,0,1,0,0,0,0,0,0,0,0,62,50,60,56.9166666666667,56.9166666666667,55.6666666666667
"181","Hatsune Miku: Project Diva X",31564,1,0,0,0,1,0,0,0,0,0,0,0,2,78,73,77.6666666666667,83,77.6666666666667,76.6666666666667
"182","Hello Neighbor",116369,1,0,0,0,0,0,0,0,0,0,1,0,1,40.12,40,42,37,41,40.6
"183","Hidden Agenda",137445,1,0,0,0,0,0,0,0,0,0,1,2,3,66,66,67,66,70,85
"184","Hitman (2016)",488748,1,0,0,0,0,0,0,0,0,0,1,2,3,85,75,81,79,80.24,81.2
"185","Hitman 2",139674,1,0,0,0,0,0,0,0,0,0,1,1,3,82,85,80,82,77,81.9
"186","Homefront: The Revolution",138013,1,0,0,0,0,0,0,0,1,0,0,1,3,48,40,62,48,50,52
"187","Horizon: Zero Dawn",5302439,1,0,0,0,0,0,0,0,0,0,1,0,2,89,84,92,89,93,90.5
"188","Hyperdimension Neptunia Victory II",22726,1,0,0,0,0,0,0,1,0,0,0,2,3,70,70,70,70,70,70
"189","Hyrule Warriors",281673,0,0,1,0,0,0,0,0,0,0,1,0,2,78,81,79,75,75,77.8
"190","inFAMOUS: Second Son",1644570,1,0,0,0,0,0,0,0,0,0,1,0,2,80,80,80,79,87,78
"191","Injustice 2",968096,1,0,0,1,0,0,0,0,0,0,0,2,0,91,80,85,86,90,84.6
"192","J-Stars Victory Vs.+",89456,1,0,0,1,0,0,0,0,0,0,0,1,2,61,64,58,67,50,74.2
"193","Judgment",147993,1,0,0,0,0,0,0,0,0,0,1,0,3,80,83,81,83,82,79.7
"194","Jurassic World Evolution",211424,1,0,0,0,1,0,0,0,0,0,0,0,2,68,70,68,74,48,74.3
"195","Just Cause 3",1623824,1,0,0,0,0,0,0,0,0,0,1,0,3,73,64,78,76,80,81.6
"196","Just Cause 4",558661,1,0,0,0,0,0,0,0,0,0,1,0,3,65,49,84,69,79,69.3
"197","Just Dance 2019",696209,0,0,1,0,1,0,0,0,0,0,0,0,0,72,59,62,55,64.8666666666667,76.3333333333333
"198","Killzone: Shadow Fall",1890166,1,0,0,0,0,0,0,0,0,0,1,2,3,73,68,72,70,80,76.1
"199","Kinect Sports Rivals",219332,0,1,0,0,0,0,0,0,0,1,0,2,3,60,50,80,65,73,62.5
"200","Kingdom Come: Deliverance",313435,1,0,0,0,0,0,0,1,0,0,0,0,3,69,72,73,74,80,73.2
"201","Kingdom Hearts 1.5 + 2.5 Remix",1443125,1,0,0,0,0,0,0,1,0,0,0,0,1,84,90,10,84,68.8,76
"202","Kingdom Hearts HD 2.8 Final Chapter Prologue",648902,1,0,0,0,0,0,0,1,0,0,0,0,1,76,82,71,79,75,73.8333333333333
"203","Kingdom Hearts: The Story So Far",64049,1,0,0,0,0,0,0,1,0,0,0,0,1,81.9166666666667,90,81.9166666666667,81.9166666666667,81.9166666666667,73.8333333333333
"204","Kirby",1581847,0,0,1,0,0,1,0,0,0,0,0,0,1,73,74,80,74,83,72.7
"205","Knack",990632,1,0,0,0,0,0,0,0,0,0,1,2,3,54,65,61,60,59,59.3333333333333
"206","Knack 2",71830,1,0,0,0,0,1,0,0,0,0,0,2,3,69,77,70,72,72,67.7142857142857
"207","L.A. Noire",102410,1,0,0,0,0,0,0,0,0,0,1,2,3,76,79,84,89,85,89.1
"208","Lego Batman 3: Beyond Gotham",51122,1,0,0,0,0,0,0,0,0,0,1,0,1,73,69,72,76,74,77.4444444444444
"209","LEGO City Undercover",142594,0,0,1,0,0,1,0,0,0,0,0,0,1,78,78,70,77,80,76.7
"210","LEGO DC Super-Villains",185265,1,0,0,0,0,0,0,0,0,0,1,0,1,74,67,80,70,78,75.9
"211","LEGO Dimensions",35441,1,0,0,0,0,0,0,0,0,0,1,1,1,80,72,86,77,77,81.9
"212","LEGO Harry Potter Collection",44501,0,0,1,0,0,0,0,0,0,0,1,0,1,73,73,67,75,71.5333333333333,69.6666666666667
"213","LEGO Jurassic World",348435,1,0,0,0,0,0,0,0,0,0,1,0,1,70,71,76,73,76,76.1111111111111
"214","LEGO Marvel's Avengers",454333,1,0,0,0,0,0,0,0,0,0,1,0,1,71,71,58,68,67,72.5555555555556
"215","LEGO Marvel Super Heroes 2",102334,1,0,0,0,0,0,0,0,0,0,1,0,1,73,71,70,74,80,74.7
"216","Lego Star Wars: The Force Awakens",517597,1,0,0,0,0,0,0,0,0,0,1,0,1,78,75,63,76,90,78.7
"217","LEGO The Hobbit",42439,1,0,0,0,0,0,0,0,0,0,1,0,1,72,66,70,72,74,71.6
"218","LEGO The Incredibles",184592,0,0,1,0,0,0,0,0,0,0,1,0,1,65,68,70,72,69.54,72.7
"219","LEGO Worlds",380020,0,0,1,0,1,0,0,0,0,0,0,0,1,59,70,72,71,72,65.4
"220","Life is Strange",117932,1,0,0,0,0,0,0,0,0,0,1,0,3,85,86,85,79,82.9555555555555,79.7777777777778
"221","Life Is Strange: Before the Storm",28212,1,0,0,0,0,0,0,0,0,0,1,0,3,77,78,76,77,74.68,65.4
"222","Little Nightmares",99173,1,0,0,0,0,1,0,0,0,0,0,2,3,78,79,83,78,88,81.3333333333333
"223","LittleBigPlanet 3",923725,1,0,0,0,0,1,0,0,0,0,0,1,0,79,71,76,78,68,77.6666666666667
"224","Lords of the Fallen",81521,1,0,0,0,0,0,0,1,0,0,0,0,3,68,64,67,69,74,73.2222222222222
"225","Mad Max",622654,1,0,0,0,0,0,0,0,0,0,1,0,3,69,78,78,72,65.4,30
"226","Madden NFL 15",1687257,1,0,0,0,0,0,0,0,0,1,0,1,0,81,61,71,83,87,82
"227","Madden NFL 16",2950596,1,0,0,0,0,0,0,0,0,1,0,1,0,83,58,84,84,88,86.6
"228","Madden NFL 17",2965948,1,0,0,0,0,0,0,0,0,1,0,1,0,82,43,70,80,86,84
"229","Madden NFL 18",2404666,1,0,0,0,0,0,0,0,0,1,0,1,0,82,35,77,79,86,82.1
"230","Madden NFL 19",2214368,1,0,0,0,0,0,0,0,0,1,0,1,0,80,21,70,81,89,80.9
"231","Madden NFL 25",132236,0,1,0,0,0,0,0,0,0,1,0,2,3,73,58,78,78,76,75
"232","Mafia III",2289297,1,0,0,0,0,0,0,0,0,0,1,0,3,68,52,68,68,75,66.2
"233","Mario + Rabbids Kingdom Battle",2096254,0,0,1,0,1,0,0,0,0,0,0,0,1,85,85,76,83,77,87.9
"234","Mario Kart 8 Deluxe",13046117,0,0,1,0,0,0,1,0,0,0,0,2,0,92,86,86,93,93,90.5
"235","Mario Tennis Aces",1512344,0,0,1,0,0,0,0,0,0,1,0,1,0,75,71,72,78,73.72,72.6
"236","Marvel's Spider-Man",8757859,1,0,0,0,0,0,0,0,0,0,1,0,2,87,86,88,90,87,86.4
"237","Marvel vs. Capcom: Infinite",172438,1,0,0,1,0,0,0,0,0,0,0,2,2,72,46,81,69,77,71.8
"238","Mass Effect: Andromeda",1081002,1,0,0,0,0,0,0,1,0,0,0,1,3,71,49,72,73,77,66.6
"239","Mega Man 11",148166,0,0,1,0,0,1,0,0,0,0,0,0,1,80,84,80,80,75,79.5
"240","Mega Man Legacy Collection",32225,1,0,0,0,0,1,0,0,0,0,0,2,3,77,66,95,79,90,74.4
"241","Mega Man Legacy Collection 1+2",52911,1,0,0,0,0,1,0,0,0,0,0,2,3,85,85,85,85,85,85
"242","Mega Man Legacy Collection 2",21166,1,0,0,0,0,0,0,0,0,0,1,2,3,71,72,10,71,60,73.5
"243","Metal Gear Solid V: Ground Zeroes",687150,1,0,0,0,0,0,0,0,0,0,1,0,3,75,64,76,79,80,73.7
"244","Metal Gear Solid V: The Phantom Pain",2424092,1,0,0,0,0,0,0,0,0,0,1,2,3,93,82,86,96,100,93.7777777777778
"245","Metal Gear Survive",112591,1,0,0,0,0,0,0,0,0,0,1,1,3,60,14,30,60,65,54.3
"246","Metal Max Xeno",16029,1,0,0,0,0,0,0,1,0,0,0,0,2,61,55,61.125,70,61.125,58.5
"247","Metro: Redux",97757,1,0,0,0,0,0,0,0,1,0,0,0,3,83,79,85,84,86,85
"248","Micro Machines: World Series",60775,1,0,0,0,0,0,1,0,0,0,0,2,1,59,37,55,54,51.84,54.2
"249","Middle-Earth: Shadow of Mordor",2304226,1,0,0,0,0,0,0,0,0,0,1,0,3,84,80,81,84,93,83
"250","Middle-Earth: Shadow of War",1749035,1,0,0,0,0,0,0,0,0,0,1,0,3,80,41,80,84,90,83.8
"251","Mighty No. 9",32085,1,0,0,0,1,0,0,0,0,0,0,1,1,52,35,57,52,56,54.5
"252","MineCraft",5531195,0,1,0,0,1,0,0,0,0,0,0,2,1,88,67,75,84,90,100
"253","Minecraft: PlayStation 4 Edition",3682214,1,0,0,0,1,0,0,0,0,0,0,2,1,89,65,83.675,83.675,90,90.7
"254","Minecraft: Switch Edition",1888081,0,0,1,0,1,0,0,0,0,0,0,2,1,86,74,86,85,90,89
"255","Minecraft: Xbox One Edition",765105,0,1,0,0,0,0,0,0,0,0,1,2,1,88,67,75,82.04,90,90.2
"256","Mirror's Edge 2",183701,1,0,0,0,1,0,0,0,0,0,0,2,3,69.125,69.125,68,69,68,71.5
"257","Mirror's Edge Catalyst",159788,1,0,0,0,0,1,0,0,0,0,0,2,3,69,56,68,69,68,71.5
"258","MLB 14 The Show",264934,1,0,0,0,0,0,0,0,0,0,1,2,3,83,76,82.6,83,81,90
"259","MLB 15: The Show",360082,1,0,0,0,0,0,0,0,0,1,0,2,3,80,76,82,79,85,90
"260","MLB 16: The Show",721772,1,0,0,0,0,0,0,0,0,0,1,2,0,85,72,85,85,93,90
"261","MLB The Show 17",860351,1,0,0,0,0,0,0,0,0,1,0,2,0,85,69,84.4,87,95,86
"262","MLB The Show 18",628312,1,0,0,0,0,0,0,0,0,1,0,2,0,82,63,79,80,85,85
"263","Monster Energy Supercross - The Official Videogame",37371,1,0,0,0,0,0,1,0,0,0,0,2,3,60.2380952380952,60.2380952380952,70,58,60.2380952380952,52.7142857142857
"264","Monster Hunter: World",4304815,1,0,0,0,0,0,0,0,0,0,1,1,2,90,77,89,93,95,90.5
"265","Mortal Kombat X",2472136,1,0,0,1,0,0,0,0,0,0,0,2,3,83,78,81,84,84,82.1111111111111
"266","MotoGP 17",14190,1,0,0,0,0,0,1,0,0,0,0,2,0,68,41,50,80,61.24,67.2
"267","Murdered: Soul Suspect",84633,1,0,0,0,0,0,0,0,0,0,1,2,3,59,69,67,61,55,63.4
"268","MX vs ATV All Out",27203,1,0,0,0,0,0,1,0,0,0,0,2,1,42,46,50,45.5,45.5,44
"269","MXGP 2",22906,1,0,0,0,0,0,1,0,0,0,0,2,3,60.2222222222222,60.2222222222222,80,40,60.2222222222222,60.6666666666667
"270","MXGP 3: The Official Motocross Videogame",54753,1,0,0,0,0,0,1,0,0,0,0,2,3,58.0833333333333,58.0833333333333,33,80,58.0833333333333,61.25
"271","My Hero One's Justice",144708,1,0,0,1,0,0,0,0,0,0,0,1,2,68,75,70,69,70,74.875
"272","Naruto Shippuden: Ultimate Ninja Storm 4",849632,1,0,0,1,0,0,0,0,0,0,0,2,2,79,80,78,75,55,77.5
"273","Naruto Shippuden: Ultimate Ninja Storm Legacy",36482,1,0,0,1,0,0,0,0,0,0,0,2,3,70,70,69,66,71.6666666666667,83.3333333333333
"274","Naruto to Boruto: Shinobi Striker",106094,1,0,0,0,0,0,0,0,0,0,1,2,2,61,56,50,57.875,57.875,64.5
"275","NASCAR Heat Evolution",25771,1,0,0,0,0,0,1,0,0,0,0,2,3,66,44,60,51,57.1,64.5
"276","NBA 2K14",726292,1,0,0,0,0,0,0,0,0,1,0,2,0,85,65,81,80,93,84.7
"277","NBA 2K15",2044399,1,0,0,0,0,0,0,0,0,1,0,2,0,83,69,81,81,78,76.3
"278","NBA 2K16",3751714,1,0,0,0,0,0,0,0,0,1,0,2,1,87,67,80,90,90,85
"279","NBA 2K17",3348797,1,0,0,0,0,0,0,0,0,1,0,2,0,88,63,89,85,89,84.6666666666667
"280","NBA 2K18",3184629,1,0,0,0,0,0,0,0,0,1,0,2,1,80,17,67,74,84,78
"281","NBA 2K19",2627728,1,0,0,0,0,0,0,0,0,1,0,2,0,82,24,68,82,85,76.2
"282","NBA Live 19",19162,1,0,0,0,0,0,0,0,0,1,0,2,0,73,64,72.4,75,72.4,77.6
"283","Need for Speed (2015)",2050348,1,0,0,0,0,0,1,0,0,0,0,2,2,65,76,65,62,63,81.8
"284","Need for Speed Rivals",658601,1,0,0,0,0,0,1,0,0,0,0,1,1,80,62,69,80,80,63.8
"285","Need for Speed: Payback",1709886,1,0,0,0,0,0,1,0,0,0,0,2,2,61,42,60,54,59,62.5
"286","New Gundam Breaker",75890,1,0,0,0,0,0,0,0,0,0,1,1,2,43,29,50,38,38,30
"287","NHL 15",138923,1,0,0,0,0,0,0,0,0,0,1,2,3,60,37,75,62,70,60
"288","NHL 16",158491,1,0,0,0,0,0,0,0,0,1,0,2,1,78,54,84,79,78,83
"289","NHL 17",225138,1,0,0,0,0,0,0,0,0,1,0,2,1,78,56,80,80,84,76
"290","NHL 18",143175,1,0,0,0,0,0,0,0,0,1,0,2,1,75,35,60,76,74,78.6
"291","NHL 19",125569,1,0,0,0,0,0,0,0,0,1,0,2,1,80,51,79,79,89,78.2857142857143
"292","Ni-Oh",704877,1,0,0,0,0,0,0,0,0,0,1,1,3,88,85,80,88,96,86.2
"293","Ni no Kuni II: Revenant Kingdom",466183,1,0,0,0,0,0,0,1,0,0,0,0,2,84,75,73,86,78,88.7
"294","NieR Automata",895375,1,0,0,0,0,0,0,1,0,0,0,0,3,88,89,91,89,89,87.4444444444444
"295","Nights of Azure 2",19182,1,0,0,0,0,0,0,0,0,0,1,0,2,66,68,70,60,64.76,59.8
"296","Nintendo Labo: Toy-Con 01 Variety Kit",500457,0,0,1,0,1,0,0,0,0,0,0,0,0,77,69,73.2,74,76,70
"297","Nintendo Labo: Toy-Con 02 Robot Kit",144568,0,0,1,0,0,0,0,0,0,0,1,2,3,57,57,60,57,57,54
"298","Nintendo Labo: Toy-Con 03 Vehicle Kit",27516,0,0,1,0,0,0,1,0,0,0,0,2,3,67.5,67.5,73,67.5,67.5,62
"299","No Man's Sky",1677751,0,1,0,0,0,0,0,0,0,0,1,1,2,77,76,69,74,60,72.6666666666667
"300","Odin Sphere: Leifdrasir",40076,1,0,0,0,0,0,0,1,0,0,0,2,3,89.7857142857143,89.7857142857143,86,88,95,90.1428571428571
"301","Odin Sphere: Leifthrasir",123013,1,0,0,0,0,0,0,1,0,0,0,0,2,87,81,86,88,95,90.1428571428571
"302","Okami",121459,1,0,0,0,0,0,0,0,0,0,1,2,3,90.475,90.475,87,90,91,93.9
"303","One Piece: Burning Blood",185468,1,0,0,1,0,0,0,0,0,0,0,1,2,66,73,68,65,65,63
"304","One Piece: Kaizoku Musou 3",44005,1,0,0,0,0,0,0,0,0,0,1,1,2,74,77,72.5,72.5,69,70
"305","One Piece: Pirate Warriors 3",178625,1,0,0,0,0,0,0,0,0,0,1,1,2,74,77,70,76,69,70
"306","Onechanbara Z2: Chaos",69562,1,0,0,0,0,0,0,0,0,0,1,2,3,57,68,65,60,60,50
"307","Outlast Trinity",31967,1,0,0,0,0,0,0,0,0,0,1,2,3,68.4375,74,68.4375,68.4375,68.4375,62.875
"308","Overcooked! 2",25669,0,0,1,0,1,0,0,0,0,0,0,1,0,81,81,88,80,85,82.1
"309","Overwatch",4199141,1,0,0,0,0,0,0,0,1,0,0,2,2,90,64,85,89,94,85.1428571428571
"310","Payday 2",34575,0,0,1,0,0,0,0,0,1,0,0,1,3,60,51,75,75,80,66
"311","Payday 2: Crimewave Edition",102255,1,0,0,0,0,0,0,0,1,0,0,1,3,71,42,80,72,80,60.6666666666667
"312","Persona 5",968292,1,0,0,0,0,0,0,0,1,0,0,0,3,93,87,95,94,97,94.2222222222222
"313","Plants vs Zombies: Garden Warfare",134022,0,1,0,0,0,0,0,0,0,0,1,2,3,76,75,66,80,78,82.5555555555556
"314","Plants vs. Zombies: Garden Warfare",44898,1,0,0,0,0,0,0,0,0,0,1,2,1,75,75,66,80,78,82.5555555555556
"315","Plants vs. Zombies: Garden Warfare 2",319105,0,1,0,0,0,0,0,0,1,0,0,2,3,80,78,70,85,82,84.4
"316","PlayerUnknown's Battlegrounds",1849297,1,0,0,0,0,0,0,0,1,0,0,2,2,72,34,76,75,95,78
"317","PlayStation VR Worlds",1798050,1,0,0,0,1,0,0,0,0,0,0,2,3,59,67,64.2,60,60,75
"318","Pokemon: Let's Go, Eevee!",2728386,0,0,1,0,0,0,0,1,0,0,0,2,0,80,62,69,80,83,80.1
"319","Pokemon: Let's Go, Pikachu!",4566580,0,0,1,0,0,0,0,1,0,0,0,2,0,79,61,82,77,83,76.75
"320","Pokken Tournament",1206128,0,0,1,1,0,0,0,0,0,0,0,1,1,79,75,73,77,80,77.5714285714286
"321","Prey (2017)",937772,1,0,0,0,0,0,0,0,1,0,0,0,3,79,78,75,77,80,79.2222222222222
"322","Pro Evolution Soccer 2015",177019,1,0,0,0,0,0,0,0,0,1,0,2,0,82,71,78,81,90,80.875
"323","Pro Evolution Soccer 2016",276297,1,0,0,0,0,0,0,0,0,1,0,2,0,87,72,72,84,95,86
"324","Pro Evolution Soccer 2017",304406,1,0,0,0,0,0,0,0,0,1,0,2,0,85,73,78,80,95,79.5714285714286
"325","Pro Evolution Soccer 2018",364038,1,0,0,0,0,0,0,0,0,1,0,1,0,83,72,73,84,92,84.2
"326","Pro Evolution Soccer 2019",244484,1,0,0,0,0,0,0,0,0,1,0,2,0,79,65,64,73,82,79.1
"327","Project CARS",506344,1,0,0,0,0,0,1,0,0,0,0,2,0,83,66,74,82,89,83.2
"328","Project CARS 2",165153,1,0,0,0,0,0,1,0,0,0,0,2,0,82,61,77,84,92,85
"329","Project Octopath Traveler",660392,0,0,1,0,0,0,0,1,0,0,0,0,2,83,86,81,85,93,79.8
"330","Project Setsuna",32561,1,0,0,0,0,0,0,1,0,0,0,2,3,74,74,70,76,75,72.3
"331","Puyo Puyo Tetris",94882,0,0,1,0,1,0,0,0,0,0,0,1,1,81,81,81,84,87,84.2
"332","Quantum Break",383948,0,1,0,0,0,0,0,0,0,0,1,0,3,77,71,74,77,80,71.7777777777778
"333","Rainbow Six: Siege",1895200,1,0,0,0,0,0,0,0,1,0,0,2,3,73,74,76.825,76.825,79,81.3
"334","Rare Replay",411866,0,1,0,0,1,0,0,0,0,0,0,2,3,84,79,87,87,90,84.375
"335","Ratchet & Clank",841190,1,0,0,0,0,1,0,0,0,0,0,0,1,85,86,82,80,90,89.6
"336","Ratchet & Clank (2016)",1929385,1,0,0,0,0,1,0,0,0,0,0,0,1,85,86,82,80,90,89.6
"337","Rayman Legends",56798,0,0,1,0,0,1,0,0,0,0,0,2,3,90.325,90.325,85,92,95,89.3
"338","ReCore",79818,0,1,0,0,0,0,0,0,0,0,1,0,2,63,67,71,59,73,58.1
"339","Red Dead Redemption 2",13940203,1,0,0,0,0,0,0,0,0,0,1,2,3,97,81,93,94,100,93.9
"340","Resident Evil 4 HD",20276,1,0,0,0,0,0,0,0,1,0,0,2,3,91.325,91.325,91,85,98,91.3
"341","Resident Evil Origins Collection",218220,1,0,0,0,0,0,0,0,0,0,1,0,3,81.5,75,88,81.5,81.5,81.5
"342","Resident Evil VII: Biohazard",2866103,1,0,0,0,0,0,0,0,0,0,1,0,3,86,79,86,88,77,87.1
"343","Resident Evil: Revelations",27844,1,0,0,0,0,0,0,0,0,0,1,1,3,70,76,76,75,85,74.6
"344","Resident Evil: Revelations 2",120976,1,0,0,0,0,0,0,0,0,0,1,1,3,75,76,72,73,68,78
"345","Rick & Morty Virtual Rick-Ality",37850,1,0,0,0,1,0,0,0,0,0,0,2,3,71.75,71.75,60,72,76,79
"346","RIGS: Mechanized Combat League",45066,1,0,0,0,0,0,0,0,0,0,1,1,2,78,76,80,78,65,74
"347","Rime",19109,1,0,0,0,0,0,0,0,0,0,1,2,3,80,77,78,73,65,79.7
"348","Rise of the Tomb Raider",1410481,1,0,0,0,0,0,0,0,0,0,1,1,3,88,81,84,91,93,89.3
"349","Robinson: The Journey",58551,1,0,0,0,0,0,0,0,0,0,1,2,0,64,67,61,63,55,61.5
"350","Rock Band 4",125875,0,1,0,0,1,0,0,0,0,0,0,1,2,79,65,56,76,88,71.2857142857143
"351","Rocket League",822396,1,0,0,0,0,0,0,0,0,1,0,2,0,85,85,84,89,80,80
"352","Rory McIlroy PGA Tour",226932,1,0,0,0,0,0,0,0,0,0,1,2,0,61,37,70,63,55,65.8571428571429
"353","Ryse: Son of Rome",247857,0,1,0,0,0,0,0,0,0,0,1,1,3,60,62,71,66,68,58.2222222222222
"354","Saint Seiya: Soldiers' Soul",20922,1,0,0,1,0,0,0,0,0,0,0,1,2,59,73,68,57,63.0444444444444,58.2222222222222
"355","Saints Row IV: Re-Elected",106998,1,0,0,0,0,0,0,0,0,0,1,1,3,75,73,80,77,78,80.4
"356","Sea of Thieves",590374,0,1,0,0,0,0,0,0,0,0,1,1,2,69,50,59,66,70,69.8
"357","Secret of Mana",149875,1,0,0,0,0,0,0,1,0,0,0,0,1,63,61,85,76.52,90,83.6
"358","Sega Genesis Classics",84209,1,0,0,0,1,0,0,0,0,0,0,1,2,75,74,83,83,78,40
"359","Senran Kagura Burst Re:Newal",25091,1,0,0,0,0,0,0,0,0,0,1,0,3,65,42,70,68,63.28,71.4
"360","Senran Kagura: Estival Versus",117087,1,0,0,0,0,0,0,0,0,0,1,2,3,67,77,64,68,69.6857142857143,72.4285714285714
"361","Senran Kagura: Peach Beach Splash",49217,1,0,0,0,0,0,0,0,0,0,1,2,3,70,71,50,76,66.75,66.75
"362","Shadow of the Colossus",863828,1,0,0,0,0,0,0,0,0,0,1,0,2,91,79,91,89,97,86.8
"363","Shadow of the Tomb Raider",1457905,1,0,0,0,0,0,0,0,0,0,1,1,3,75,73,78,80,90,82.5
"364","Shantae: Half-Genie Hero",34948,0,0,1,0,0,1,0,0,0,0,0,0,2,82,76,83,81,80,80.6
"365","Shenmue I & II",87676,1,0,0,0,0,0,0,0,0,0,1,2,3,73.4814814814815,73.4814814814815,73,76,73.4814814814815,71.4444444444444
"366","Shining Resonance Refrain",37534,0,0,1,0,0,0,0,1,0,0,0,0,2,70,78,90,62,74.62,73.1
"367","Sniper Elite 3",181057,1,0,0,0,0,0,0,0,0,0,1,2,3,67,69,72,68,82,75
"368","Sniper Elite 4",230400,1,0,0,0,0,0,0,0,1,0,0,2,3,77,69,69,76,83,80
"369","Sniper: Ghost Warrior 3",103226,1,0,0,0,0,0,0,0,1,0,0,2,3,55,64,70,53,55,75
"370","Song of the Deep",23384,0,1,0,0,0,0,0,0,0,0,1,2,3,66,72,76,69,60,78.125
"371","Sonic Forces",117083,0,0,1,0,0,1,0,0,0,0,0,0,1,57,70,59,57,69,60.6
"372","Sonic Mania",87073,0,0,1,0,0,1,0,0,0,0,0,0,0,86,88,85,85,87,82.1
"373","SoulCalibur VI",517903,1,0,0,1,0,0,0,0,0,0,0,1,2,84,65,84,84,89,83.5
"374","South Park: The Fractured But Whole",623490,0,0,1,0,0,0,0,1,0,0,0,0,3,80,80,84,85,85,78.3
"375","Spintires: MudRunner",52271,1,0,0,0,1,0,0,0,0,0,0,1,0,67,74,70.75,72,70.75,70
"376","Splatoon 2",7037733,0,0,1,0,0,0,0,0,1,0,0,2,1,83,85,83.9,83.9,83,84.6
"377","Spyro Reignited Trilogy",2172947,1,0,0,0,0,1,0,0,0,0,0,0,1,82,81,82.375,82.375,85,81.5
"378","Star Ocean 5: Integrity and Faithlessness",242807,1,0,0,0,0,0,0,1,0,0,0,2,3,65.75,65.75,65.75,65.75,58,73.5
"379","Star Trek Bridge Crew VR",34700,1,0,0,0,0,0,0,0,0,0,1,2,3,69.4,69.4,69.4,69.4,68,70.8
"380","Star Wars Battlefront (2015)",7198189,0,1,0,0,0,0,0,0,1,0,0,2,2,73,50,70.525,70.525,80,79.1
"381","Star Wars Battlefront II (2017)",4096930,1,0,0,0,0,0,0,0,1,0,0,2,2,82,76,73.225,73.225,65,69.9
"382","Star Wars: Battlefront (2015)",7393020,1,0,0,0,0,0,0,0,1,0,0,2,2,73,50,70.525,70.525,80,79.1
"383","Stardew Valley",18660,1,0,0,0,1,0,0,0,0,0,0,0,1,86,77,85.325,85.325,88,90.3
"384","Starlink: Battle for Atlas",69322,0,0,1,0,0,0,0,0,0,0,1,0,1,74,78,74.85,74.85,70,77.4
"385","State of Decay 2",279295,0,1,0,0,0,0,0,0,0,0,1,1,3,66,52,65.4,65.4,75,68.6
"386","State of Decay: Year-One Survival Edition",60001,0,1,0,0,1,0,0,0,0,0,0,0,3,72,68,74.25,74.25,89,68
"387","Steep",591887,1,0,0,0,0,0,0,0,0,1,0,1,2,71,65,71.825,71.825,79,72.3
"388","Strange Brigade",25072,1,0,0,0,0,0,0,0,1,0,0,1,2,73,58,69.475,69.475,75,71.9
"389","Street Fighter 30th Anniversary Collection",71575,1,0,0,1,0,0,0,0,0,0,0,1,2,83,68,73.8333333333333,73.8333333333333,73.8333333333333,70.5
"390","Street Fighter V",1161957,1,0,0,1,0,0,0,0,0,0,0,1,2,77,36,66.40625,66.40625,80,72.625
"391","Styx: Shards of Darknes",28158,1,0,0,0,0,0,0,0,0,0,1,2,3,79.7,79.7,79.7,79.7,78,81.4
"392","Sunset Overdrive",309881,0,1,0,0,0,0,0,0,1,0,0,2,3,81,78,82.1388888888889,82.1388888888889,90,79.5555555555556
"393","Super Bomberman R",259762,0,0,1,0,1,0,0,0,0,0,0,2,1,62,68,63.6944444444444,63.6944444444444,62,62.7777777777778
"394","Super Mario Odyssey",11714226,0,0,1,0,0,1,0,0,0,0,0,0,1,97,89,94.925,94.925,100,93.7
"395","Super Mario Party",4972711,0,0,1,0,1,0,0,0,0,0,0,2,0,76,75,75.7,75.7,73,78.8
"396","Super Smash Bros. Ultimate",8951009,0,0,1,1,0,0,0,0,0,0,0,2,1,93,87,91.675,91.675,94,92.7
"397","Sushi Striker: The Way of Sushido",18552,0,0,1,0,1,0,0,0,0,0,0,1,0,76,78,77.6,77.6,77.6,78.8
"398","Sword Art Online: Fatal Bullet",154942,1,0,0,0,0,0,0,1,0,0,0,2,2,64,73,64.5,64.5,59,62
"399","Sword Art Online: Hollow Realization",137477,1,0,0,0,0,0,0,1,0,0,0,1,2,69,74,69.625,69.625,67,68.5
"400","Taiko no Tatsujin: Drum 'n' Fun!",165667,0,0,1,0,0,0,0,0,0,0,1,0,0,78,80,77.5,77.5,77.5,74.5
"401","Tales of Berseria",399889,1,0,0,0,0,0,0,1,0,0,0,0,2,79,70,79.65,79.65,88,81.6
"402","Tales of Zestiria",115749,1,0,0,0,0,0,0,1,0,0,0,0,2,72,73,74.6428571428571,74.6428571428571,78,75.5714285714286
"403","Tearaway Unfolded",15995,1,0,0,0,0,1,0,0,0,0,0,2,3,81,80,78.85,78.85,76,78.4
"404","Teenage Mutant Ninja Turtles: Mutants in Manhattan",41792,1,0,0,0,0,0,0,0,0,0,1,2,3,44,54,50.9375,50.9375,49,56.75
"405","Tekken 7",818002,1,0,0,1,0,0,0,0,0,0,0,2,2,82,68,82.275,82.275,95,84.1
"406","The Amazing Spider-Man 2 (2014)",127274,1,0,0,0,0,0,0,0,0,0,1,2,3,60,60,60,60,54,66
"407","The Binding of Isaac",23209,0,0,1,0,0,0,0,0,0,0,1,2,3,79.1875,79.1875,79.1875,79.1875,75,83.375
"408","The Crew",1010892,1,0,0,0,0,0,1,0,0,0,0,2,2,61,53,59.7,59.7,60,64.8
"409","The Crew 2",485110,1,0,0,0,0,0,1,0,0,0,0,2,2,64,51,63.825,63.825,70,70.3
"410","The Elder Scrolls Online: Morrowind",38514,1,0,0,0,0,0,0,0,1,0,0,2,3,75,60,73.78125,73.78125,80,80.125
"411","The Elder Scrolls Online: Tamriel Unlimited",1201950,1,0,0,0,0,0,0,1,0,0,0,2,3,74,76,77.8,77.8,80,81.2
"412","The Elder Scrolls V: Skyrim",2384573,0,0,1,0,0,0,0,1,0,0,0,0,3,81,71,83.725,83.725,95,87.9
"413","The Elder Scrolls V: Skyrim PSVR",271722,1,0,0,0,0,0,0,1,0,0,0,2,3,73.7777777777778,73.7777777777778,73.7777777777778,73.7777777777778,68,79.5555555555556
"414","The Evil Within",731108,1,0,0,0,0,0,0,0,0,0,1,0,3,75,75,78.5,78.5,87,77
"415","The Evil Within II",713747,1,0,0,0,0,0,0,0,0,0,1,0,3,76,85,80.35,80.35,80,80.4
"416","The Heavy Rain and Beyond: Two Souls Collection",34566,1,0,0,0,0,0,0,0,0,0,1,2,3,89,89,89,89,89,89
"417","The Inpatient",44768,1,0,0,0,0,0,0,0,0,0,1,0,3,59,57,55.5555555555556,55.5555555555556,55.5555555555556,50.6666666666667
"418","The King of Fighters XIV",65327,1,0,0,1,0,0,0,0,0,0,0,2,2,79,82,79.95,79.95,80,78.8
"419","The Last Guardian",953304,1,0,0,0,0,0,0,0,0,0,1,0,2,82,80,78.3055555555556,78.3055555555556,70,81.2222222222222
"420","The Last of Us",5395650,1,0,0,0,0,0,0,0,0,0,1,2,3,95,91,94.325,94.325,100,91.3
"421","The Last of Us Remastered",3413340,1,0,0,0,0,0,0,0,0,0,1,2,3,95,91,94.325,94.325,100,91.3
"422","The Legend of Heroes: Trails of Cold Steel III",92129,1,0,0,0,0,0,0,1,0,0,0,0,2,83.8,83.8,83.8,83.8,83.8,83.8
"423","The Legend of Zelda: Breath of the Wild",9460827,0,0,1,0,0,0,0,0,0,0,1,0,1,97,85,94.775,94.775,100,97.1
"424","The LEGO Movie Videogame",52388,1,0,0,0,0,0,0,0,0,0,1,0,1,71,71,70.65,70.65,65,75.6
"425","The Lego Ninjago Movie Videogame",36304,1,0,0,0,0,0,0,0,0,0,1,2,3,75.2083333333333,75.2083333333333,80,73,75.2083333333333,72.625
"426","The Order 1866",1180405,1,0,0,0,0,0,0,0,1,0,0,0,3,63,67,64.46875,64.46875,65,62.875
"427","The Sims 4",827043,1,0,0,0,1,0,0,0,0,0,0,0,2,66,37,61.9444444444444,61.9444444444444,75,69.7777777777778
"428","The Surge",34395,1,0,0,0,0,0,0,0,0,0,1,0,3,73,66,73.6,73.6,79,76.4
"429","The Walking Dead - The Telltale Series: A New Frontier",79290,1,0,0,0,0,0,0,0,0,0,1,2,3,73.2222222222222,73.2222222222222,73.2222222222222,73.2222222222222,73.2222222222222,73.2222222222222
"430","The Walking Dead: A Telltale Games Series - The Complete First Season",34247,1,0,0,0,0,0,0,0,0,0,1,2,3,86.5,83,86.5,86.5,93,83.5
"431","The Witcher 3: Wild Hunt",4436993,1,0,0,0,0,0,0,1,0,0,0,0,3,92,92,89.7142857142857,89.7142857142857,93,81.8571428571429
"432","The World Ends with You: Final Remix",75834,0,0,1,0,0,0,0,1,0,0,0,0,2,77,70,75.6,75.6,78,77.4
"433","Thief",414454,1,0,0,0,0,0,0,0,0,0,1,0,3,67,62,71.25,71.25,68,88
"434","Titanfall",2186832,0,1,0,0,0,0,0,0,1,0,0,2,3,86,67,81.625,81.625,89,84.5
"435","Titanfall 2",912941,1,0,0,0,0,0,0,0,1,0,0,2,3,89,85,88.225,88.225,90,88.9
"436","Tokyo Xanadu eX+",16004,1,0,0,0,0,0,0,1,0,0,0,0,2,75,76,75.5333333333333,75.5333333333333,75.5333333333333,75.6
"437","Tom Clancy's Ghost Recon Wildlands",2440716,1,0,0,0,0,0,0,0,1,0,0,2,3,74.45,74.45,74.45,74.45,79,69.9
"438","Tom Clancy's Rainbow Six: Siege",3951178,1,0,0,0,0,0,0,0,1,0,0,2,3,73,74,76.825,76.825,79,81.3
"439","Tom Clancy's The Division",4063359,1,0,0,0,1,0,0,0,0,0,0,2,3,80,70,73.375,73.375,67,76.5
"440","Tomb Raider: Definitive Edition",342257,1,0,0,0,0,0,0,0,0,0,1,2,3,85,81,85,85,91,83
"441","Tony Hawk's Pro Skater 5",52630,1,0,0,0,0,0,0,0,0,1,0,2,2,32,15,29.5,29.5,35,36
"442","Toukiden 2",49283,1,0,0,0,0,0,0,0,0,0,1,1,2,77,75,75.3666666666667,75.3666666666667,75.3666666666667,74.1
"443","TrackMania Turbo",251710,1,0,0,0,0,0,0,0,0,0,1,2,0,81,75,80.725,80.725,84,82.9
"444","Train Sim World",23673,1,0,0,0,1,0,0,0,0,0,0,0,0,56,61,57.3333333333333,57.3333333333333,57.3333333333333,55
"445","Transformers: Devastation",21944,1,0,0,0,0,0,0,0,0,0,1,0,2,77,75,76.175,76.175,77,75.7
"446","Trials Fusion",58177,1,0,0,0,0,0,1,0,0,0,0,1,1,79,71,79.2777777777778,79.2777777777778,82,85.1111111111111
"447","Tropico 5",54558,1,0,0,0,0,0,0,0,0,0,1,1,2,76,71,72.225,72.225,72,69.9
"448","TT Isle of Man: Ride on the Edge",37983,1,0,0,0,0,0,1,0,0,0,0,2,0,67,63,65.1904761904762,65.1904761904762,65.1904761904762,65.5714285714286
"449","UEFA Euro 2016",195936,1,0,0,0,0,0,0,0,0,1,0,2,3,72,60,66,66,66,66
"450","Ultimate Marvel vs. Capcom 3",81588,1,0,0,1,0,0,0,0,0,0,0,2,2,77,74,79.6,79.6,85,82.4
"451","Ultra Street Fighter II: The Final Challengers",183558,0,0,1,1,0,0,0,0,0,0,0,1,2,66,66,64.8571428571429,64.8571428571429,64.8571428571429,62.5714285714286
"452","Uncharted (PS4)",9477843,1,0,0,0,0,0,0,0,0,0,1,2,2,93,84,90.0833333333333,90.0833333333333,90,93.3333333333333
"453","Uncharted 4: A Thief's End",3249086,1,0,0,0,0,0,0,0,1,0,0,2,2,93,84,90.0833333333333,90.0833333333333,90,93.3333333333333
"454","Uncharted: The Lost Legacy",1600959,1,0,0,0,0,0,0,0,0,0,1,2,2,84,79,80.875,80.875,75,85.5
"455","Uncharted: The Nathan Drake Collection",4850381,1,0,0,0,0,0,0,0,0,0,1,0,2,86,85,85.4166666666667,85.4166666666667,90,80.6666666666667
"456","Until Dawn",1030759,1,0,0,0,0,0,0,0,0,0,1,0,3,79,83,79.4166666666667,79.4166666666667,75,80.6666666666667
"457","Until Dawn: Rush of Blood",503803,1,0,0,0,0,0,0,0,1,0,0,2,3,72,77,69.5,69.5,60,69
"458","Utawarerumono: Chiriyukusha e no Komoriuta",19593,1,0,0,0,0,0,0,1,0,0,0,2,3,80,80,80,80,80,80
"459","Utawarerumono: Itsuwari no Kamen",18603,1,0,0,0,0,0,0,0,0,0,1,2,3,69.6666666666667,69.6666666666667,69.6666666666667,69.6666666666667,69.6666666666667,69.6666666666667
"460","Valentino Rossi: The Game",17914,1,0,0,0,0,0,1,0,0,0,0,2,0,75,76,71.1666666666667,71.1666666666667,71.1666666666667,62.5
"461","Valkyria Chronicles",123735,1,0,0,0,0,0,0,1,0,0,0,2,3,87.85,87.85,87.85,87.85,90,85.7
"462","Valkyria Chronicles 4",126011,0,0,1,0,1,0,0,0,0,0,0,0,2,82,87,85.05,85.05,87,84.2
"463","Valkyria Chronicles Remaster",23632,1,0,0,0,0,0,0,1,0,0,0,2,3,86.9444444444444,86.9444444444444,86.9444444444444,86.9444444444444,90,83.8888888888889
"464","Valkyria Chronicles Remastered",105241,1,0,0,0,0,0,0,1,0,0,0,0,2,84,81,84.7222222222222,84.7222222222222,90,83.8888888888889
"465","Valkyria: Azure Revolution",87585,1,0,0,0,0,0,0,1,0,0,0,0,2,54,58,55.53125,55.53125,60,50.125
"466","Vampyr",152092,1,0,0,0,0,0,0,1,0,0,0,0,3,70,71,70.6388888888889,70.6388888888889,70,71.5555555555556
"467","Warriors Orochi 4",102628,1,0,0,0,0,0,0,0,0,0,1,1,2,72,73,63.75,63.75,63.75,46.25
"468","Watch Dogs",3690673,1,0,0,0,0,0,0,0,0,0,1,2,3,80,64,76.75,76.75,84,79
"469","Watch Dogs 2",2774779,1,0,0,0,0,0,0,0,0,0,1,1,3,82,77,81.05,81.05,85,80.2
"470","We Happy Few",35719,1,0,0,0,0,0,0,0,0,0,1,0,3,67,47,63.45,63.45,73,66.8
"471","Wild Guns Reloaded",19377,0,0,1,0,0,0,0,0,1,0,0,0,1,80,81,80.5833333333333,80.5833333333333,80.5833333333333,80.75
"472","WipEout Omega Collection",182100,1,0,0,0,0,0,1,0,0,0,0,2,1,85,81,82.6190476190476,82.6190476190476,82.6190476190476,81.8571428571429
"473","Wolfenstein II: The New Colossus",683929,0,0,1,0,0,0,0,0,1,0,0,0,3,79,77,83.85,83.85,91,88.4
"474","Wolfenstein: The New Order",633481,1,0,0,0,0,0,0,0,1,0,0,2,3,79,81,78.6111111111111,78.6111111111111,78,76.4444444444444
"475","Wolfenstein: The Old Blood",94607,1,0,0,0,0,0,0,0,0,0,1,2,3,76,79,75.525,75.525,70,77.1
"476","World of Final Fantasy",239864,1,0,0,0,0,0,0,1,0,0,0,0,1,77,78,76.425,76.425,70,80.7
"477","WWE 2K15",265941,1,0,0,0,0,0,0,0,0,1,0,1,2,62,51,57.625,57.625,59,58.5
"478","WWE 2K16",481738,1,0,0,0,0,0,0,0,0,1,0,1,2,73,72,78.25,78.25,88,80
"479","WWE 2K17",479618,1,0,0,0,0,0,0,0,0,1,0,1,2,69,61,69.5833333333333,69.5833333333333,82,66.3333333333333
"480","WWE 2K18",1124012,1,0,0,0,0,0,0,0,0,1,0,1,2,66,55,62.975,62.975,70,60.9
"481","WWE 2K19",719217,1,0,0,1,0,0,0,0,0,0,0,1,2,77,55,69.05,69.05,73,71.2
"482","XCOM 2",60832,1,0,0,0,1,0,0,0,0,0,0,1,2,87,73,85.1666666666667,85.1666666666667,93,87.6666666666667
"483","Xenoblade Chronicles 2",881622,0,0,1,0,0,0,0,1,0,0,0,0,2,83,87,84.5833333333333,84.5833333333333,85,83.3333333333333
"484","Xenoblade Chronicles 2: Torna Golden Country",22367,0,0,1,0,0,0,0,1,0,0,0,2,3,79,79,79,79,79,79
"485","Yakuza 0",94029,1,0,0,0,0,0,0,0,0,0,1,0,3,85,85,84.3888888888889,84.3888888888889,85,82.5555555555556
"486","Yakuza 3",25974,1,0,0,0,0,0,0,0,0,0,1,2,3,82.75,82.75,82.75,82.75,85,80.5
"487","Yakuza 6",540284,1,0,0,0,0,0,0,0,0,0,1,2,3,79.6428571428571,79.6428571428571,79.6428571428571,79.6428571428571,75,84.2857142857143
"488","Yakuza Kiwami",239707,1,0,0,0,0,0,0,0,0,0,1,0,3,80,81,80.3,80.3,79,81.2
"489","Yakuza Kiwami 2",275211,1,0,0,0,0,0,0,0,0,0,1,0,3,85,81,82.8888888888889,82.8888888888889,80,85.5555555555556
"490","Yakuza: Kiwami",101834,1,0,0,0,0,0,0,0,0,0,1,0,3,80,81,80.3,80.3,79,81.2
"491","Yooka-Laylee",57411,1,0,0,0,0,1,0,0,0,0,0,2,3,68,62,67.75,67.75,70,71
"492","Yoru no Nai Kuni",35814,1,0,0,0,0,0,0,1,0,0,0,0,2,67,72,67.0740740740741,67.0740740740741,67.0740740740741,62.2222222222222
"493","Ys VIII: Lacrimosa of Dana",26732,0,0,1,0,0,0,0,1,0,0,0,0,2,82,88,81.8518518518518,81.8518518518518,81.8518518518518,75.5555555555556
"494","Zanki Zero: Last Beginning",15528,1,0,0,0,0,0,0,1,0,0,0,0,3,72,61,68.5555555555556,68.5555555555556,68.5555555555556,72.6666666666667
"495","Zombie Army Trilogy",22848,1,0,0,0,0,0,0,0,1,0,0,1,3,62,69,66.7,66.7,66.7,69.1
"496","Zone of the Enders: The 2nd Runner M<U+2200>RS",33273,1,0,0,0,1,0,0,0,0,0,0,2,3,69.1,69.1,69.1,69.1,69.1,69.1
